code_insee_commune,Niveau d'activité clientèle,Niveau d'activité réseau,Act_cli,Act_res
22001,Bas,Bas,1.1,1.1
22002,Bas,Haut,1.1,1.3
22003,Bas,Très Bas,1.1,1
22004,Très Haut,Très Haut,1.4,1.4
22005,Moyen,Haut,1.2,1.3
22006,Très Bas,Très Bas,1,1
22008,Moyen,Bas,1.2,1.1
22009,Très Bas,Très Bas,1,1
22011,Moyen,Bas,1.2,1.1
22012,Très Bas,Bas,1,1.1
22013,Très Haut,Très Haut,1.4,1.4
22014,Bas,Moyen,1.1,1.2
22015,Haut,Haut,1.3,1.3
22016,Moyen,Bas,1.2,1.1
22018,Très Bas,Très Bas,1,1
22019,Très Bas,Très Bas,1,1
22020,Haut,Haut,1.3,1.3
22021,Moyen,Bas,1.2,1.1
22023,Bas,Bas,1.1,1.1
22024,Très Bas,Très Bas,1,1
22025,Haut,Haut,1.3,1.3
22026,Très Bas,Très Bas,1,1
22027,Très Bas,Bas,1,1.1
22028,Très Bas,Moyen,1,1.2
22029,Bas,Bas,1.1,1.1
22030,Bas,Bas,1.1,1.1
22031,Bas,Bas,1.1,1.1
22032,Haut,Haut,1.3,1.3
22033,Bas,Haut,1.1,1.3
22034,Haut,Haut,1.3,1.3
22035,Bas,Bas,1.1,1.1
22036,Très Bas,Très Bas,1,1
22037,Bas,Bas,1.1,1.1
22039,Bas,Très Bas,1.1,1
22040,Très Bas,Très Bas,1,1
22041,Très Bas,Très Bas,1,1
22042,Bas,Très Bas,1.1,1
22043,Très Bas,Très Bas,1,1
22044,Moyen,Moyen,1.2,1.2
22045,Très Bas,Moyen,1,1.2
22046,Très Haut,Très Haut,1.4,1.4
22047,Moyen,Bas,1.2,1.1
22048,Haut,Haut,1.3,1.3
22049,Moyen,Moyen,1.2,1.2
22050,Très Haut,Très Haut,1.4,1.4
22052,Bas,Bas,1.1,1.1
22053,Bas,Moyen,1.1,1.2
22054,Très Haut,Très Haut,1.4,1.4
22055,Très Haut,Très Haut,1.4,1.4
22056,Moyen,Haut,1.2,1.3
22057,Très Bas,Moyen,1,1.2
22059,Moyen,Haut,1.2,1.3
22060,Très Bas,Moyen,1,1.2
22061,Haut,Moyen,1.3,1.2
22062,Très Bas,Haut,1,1.3
22063,Bas,Bas,1.1,1.1
22064,Bas,Très Bas,1.1,1
22065,Moyen,Haut,1.2,1.3
22067,Moyen,Très Haut,1.2,1.4
22068,Très Bas,Bas,1,1.1
22069,Très Bas,Très Bas,1,1
22070,Très Haut,Très Haut,1.4,1.4
22071,Très Bas,Très Bas,1,1
22072,Très Bas,Bas,1,1.1
22073,Très Bas,Très Bas,1,1
22074,Moyen,Moyen,1.2,1.2
22075,Très Bas,Bas,1,1.1
22076,Moyen,Bas,1.2,1.1
22077,Moyen,Moyen,1.2,1.2
22079,Moyen,Haut,1.2,1.3
22081,Très Haut,Très Haut,1.4,1.4
22082,Bas,Très Bas,1.1,1
22083,Moyen,Bas,1.2,1.1
22084,Haut,Haut,1.3,1.3
22085,Très Bas,Très Bas,1,1
22086,Bas,Très Bas,1.1,1
22087,Moyen,Moyen,1.2,1.2
22088,Très Bas,Très Bas,1,1
22090,Très Bas,Moyen,1,1.2
22091,Très Bas,Très Bas,1,1
22092,Bas,Très Bas,1.1,1
22093,Très Haut,Très Haut,1.4,1.4
22094,Haut,Haut,1.3,1.3
22096,Très Bas,Très Bas,1,1
22097,Très Bas,Très Bas,1,1
22098,Bas,Très Bas,1.1,1
22099,Bas,Haut,1.1,1.3
22101,Bas,Bas,1.1,1.1
22103,Bas,Bas,1.1,1.1
22104,Très Bas,Très Bas,1,1
22105,Bas,Bas,1.1,1.1
22106,Très Haut,Très Haut,1.4,1.4
22107,Haut,Moyen,1.3,1.2
22108,Très Bas,Très Bas,1,1
22109,Très Bas,Très Bas,1,1
22110,Très Bas,Bas,1,1.1
22111,Bas,Bas,1.1,1.1
22112,Très Bas,Très Bas,1,1
22113,Très Haut,Très Haut,1.4,1.4
22114,Bas,Bas,1.1,1.1
22115,Bas,Moyen,1.1,1.2
22116,Haut,Moyen,1.3,1.2
22117,Haut,Moyen,1.3,1.2
22118,Très Haut,Haut,1.4,1.3
22119,Bas,Très Bas,1.1,1
22121,Moyen,Moyen,1.2,1.2
22122,Moyen,Moyen,1.2,1.2
22124,Bas,Bas,1.1,1.1
22126,Très Bas,Très Bas,1,1
22127,Moyen,Haut,1.2,1.3
22128,Bas,Bas,1.1,1.1
22129,Très Bas,Très Bas,1,1
22131,Haut,Moyen,1.3,1.2
22132,Très Bas,Bas,1,1.1
22133,Bas,Moyen,1.1,1.2
22134,Haut,Haut,1.3,1.3
22135,Haut,Haut,1.3,1.3
22136,Très Haut,Très Haut,1.4,1.4
22137,Haut,Moyen,1.3,1.2
22138,Bas,Très Bas,1.1,1
22139,Très Bas,Très Bas,1,1
22140,Très Bas,Très Bas,1,1
22141,Très Bas,Très Bas,1,1
22143,Haut,Haut,1.3,1.3
22144,Bas,Très Bas,1.1,1
22145,Bas,Bas,1.1,1.1
22146,Bas,Moyen,1.1,1.2
22147,Haut,Haut,1.3,1.3
22148,Très Bas,Très Bas,1,1
22149,Bas,Bas,1.1,1.1
22150,Très Bas,Bas,1,1.1
22152,Moyen,Haut,1.2,1.3
22153,Moyen,Très Bas,1.2,1
22155,Moyen,Moyen,1.2,1.2
22156,Bas,Bas,1.1,1.1
22157,Moyen,Bas,1.2,1.1
22158,Haut,Très Haut,1.3,1.4
22160,Bas,Bas,1.1,1.1
22161,Haut,Moyen,1.3,1.2
22162,Très Haut,Très Haut,1.4,1.4
22163,Moyen,Moyen,1.2,1.2
22164,Haut,Haut,1.3,1.3
22165,Bas,Très Bas,1.1,1
22166,Haut,Très Haut,1.3,1.4
22168,Très Haut,Très Haut,1.4,1.4
22169,Bas,Très Bas,1.1,1
22170,Moyen,Bas,1.2,1.1
22171,Haut,Très Haut,1.3,1.4
22172,Haut,Haut,1.3,1.3
22174,Bas,Moyen,1.1,1.2
22175,Moyen,Bas,1.2,1.1
22176,Très Haut,Haut,1.4,1.3
22177,Moyen,Haut,1.2,1.3
22178,Bas,Moyen,1.1,1.2
22179,Haut,Haut,1.3,1.3
22180,Moyen,Moyen,1.2,1.2
22181,Bas,Bas,1.1,1.1
22182,Haut,Haut,1.3,1.3
22183,Très Haut,Très Haut,1.4,1.4
22184,Moyen,Haut,1.2,1.3
22185,Haut,Haut,1.3,1.3
22186,Très Haut,Très Haut,1.4,1.4
22187,Très Haut,Très Haut,1.4,1.4
22188,Moyen,Moyen,1.2,1.2
22189,Bas,Bas,1.1,1.1
22190,Haut,Haut,1.3,1.3
22193,Moyen,Haut,1.2,1.3
22194,Haut,Très Haut,1.3,1.4
22195,Haut,Très Haut,1.3,1.4
22196,Moyen,Haut,1.2,1.3
22197,Haut,Haut,1.3,1.3
22198,Très Haut,Très Haut,1.4,1.4
22199,Moyen,Moyen,1.2,1.2
22200,Très Bas,Très Bas,1,1
22201,Haut,Moyen,1.3,1.2
22202,Moyen,Moyen,1.2,1.2
22203,Très Haut,Très Haut,1.4,1.4
22204,Moyen,Moyen,1.2,1.2
22205,Très Bas,Bas,1,1.1
22206,Très Haut,Haut,1.4,1.3
22207,Haut,Haut,1.3,1.3
22208,Moyen,Haut,1.2,1.3
22209,Très Haut,Très Haut,1.4,1.4
22210,Haut,Très Haut,1.3,1.4
22211,Haut,Très Haut,1.3,1.4
22212,Bas,Moyen,1.1,1.2
22213,Haut,Haut,1.3,1.3
22214,Très Haut,Très Haut,1.4,1.4
22215,Très Haut,Très Haut,1.4,1.4
22216,Moyen,Moyen,1.2,1.2
22217,Très Bas,Moyen,1,1.2
22218,Haut,Haut,1.3,1.3
22219,Haut,Haut,1.3,1.3
22220,Haut,Moyen,1.3,1.2
22221,Haut,Haut,1.3,1.3
22222,Très Haut,Très Haut,1.4,1.4
22223,Moyen,Haut,1.2,1.3
22224,Moyen,Moyen,1.2,1.2
22225,Haut,Haut,1.3,1.3
22226,Haut,Haut,1.3,1.3
22227,Moyen,Moyen,1.2,1.2
22228,Moyen,Haut,1.2,1.3
22229,Haut,Moyen,1.3,1.2
22231,Bas,Haut,1.1,1.3
22232,Haut,Très Haut,1.3,1.4
22233,Haut,Haut,1.3,1.3
22234,Bas,Haut,1.1,1.3
22235,Très Bas,Très Bas,1,1
22236,Bas,Très Bas,1.1,1
22237,Haut,Moyen,1.3,1.2
22238,Très Bas,Bas,1,1.1
22239,Moyen,Moyen,1.2,1.2
22240,Moyen,Bas,1.2,1.1
22241,Moyen,Moyen,1.2,1.2
22242,Moyen,Haut,1.2,1.3
22243,Bas,Bas,1.1,1.1
22244,Très Bas,Bas,1,1.1
22245,Moyen,Moyen,1.2,1.2
22246,Moyen,Moyen,1.2,1.2
22248,Haut,Très Haut,1.3,1.4
22249,Bas,Haut,1.1,1.3
22250,Bas,Très Bas,1.1,1
22251,Très Haut,Très Haut,1.4,1.4
22254,Bas,Bas,1.1,1.1
22255,Très Bas,Haut,1,1.3
22256,Moyen,Très Haut,1.2,1.4
22257,Très Bas,Bas,1,1.1
22258,Très Haut,Haut,1.4,1.3
22259,Haut,Très Haut,1.3,1.4
22260,Bas,Bas,1.1,1.1
22261,Très Bas,Très Bas,1,1
22262,Haut,Moyen,1.3,1.2
22263,Très Bas,Très Bas,1,1
22264,Haut,Haut,1.3,1.3
22265,Bas,Moyen,1.1,1.2
22266,Très Haut,Très Haut,1.4,1.4
22267,Très Bas,Très Bas,1,1
22268,Bas,Bas,1.1,1.1
22269,Très Bas,Très Bas,1,1
22271,Très Bas,Très Bas,1,1
22272,Haut,Haut,1.3,1.3
22273,Haut,Moyen,1.3,1.2
22274,Très Bas,Très Bas,1,1
22275,Bas,Bas,1.1,1.1
22276,Très Bas,Très Bas,1,1
22277,Haut,Moyen,1.3,1.2
22278,Très Haut,Très Haut,1.4,1.4
22279,Moyen,Haut,1.2,1.3
22280,Bas,Très Bas,1.1,1
22281,Moyen,Moyen,1.2,1.2
22282,Très Haut,Très Haut,1.4,1.4
22283,Bas,Haut,1.1,1.3
22284,Très Bas,Très Bas,1,1
22285,Très Bas,Très Bas,1,1
22286,Très Bas,Très Bas,1,1
22287,Bas,Moyen,1.1,1.2
22288,Bas,Bas,1.1,1.1
22289,Très Bas,Très Bas,1,1
22291,Très Bas,Bas,1,1.1
22293,Très Bas,Moyen,1,1.2
22294,Moyen,Moyen,1.2,1.2
22295,Bas,Bas,1.1,1.1
22296,Très Bas,Très Bas,1,1
22299,Bas,Bas,1.1,1.1
22300,Très Bas,Moyen,1,1.2
22302,Haut,Moyen,1.3,1.2
22304,Très Bas,Bas,1,1.1
22305,Très Bas,Très Bas,1,1
22306,Très Bas,Très Bas,1,1
22307,Moyen,Bas,1.2,1.1
22308,Très Bas,Très Bas,1,1
22309,Très Bas,Très Bas,1,1
22310,Très Bas,Moyen,1,1.2
22311,Très Bas,Moyen,1,1.2
22312,Très Bas,Très Bas,1,1
22313,Bas,Très Bas,1.1,1
22314,Très Bas,Très Bas,1,1
22315,Très Bas,Très Bas,1,1
22316,Très Bas,Moyen,1,1.2
22317,Très Bas,Très Bas,1,1
22318,Très Bas,Très Bas,1,1
22319,Bas,Moyen,1.1,1.2
22320,Très Bas,Très Bas,1,1
22321,Haut,Haut,1.3,1.3
22322,Très Bas,Très Bas,1,1
22323,Bas,Bas,1.1,1.1
22324,Moyen,Très Haut,1.2,1.4
22325,Très Haut,Très Haut,1.4,1.4
22326,Très Bas,Très Bas,1,1
22327,Bas,Très Bas,1.1,1
22328,Bas,Moyen,1.1,1.2
22330,Très Bas,Très Bas,1,1
22331,Très Bas,Très Bas,1,1
22332,Très Bas,Très Bas,1,1
22333,Moyen,Bas,1.2,1.1
22334,Très Bas,Très Bas,1,1
22335,Très Bas,Bas,1,1.1
22337,Bas,Haut,1.1,1.3
22338,Bas,Très Bas,1.1,1
22339,Haut,Très Haut,1.3,1.4
22340,Bas,Bas,1.1,1.1
22341,Très Bas,Très Bas,1,1
22342,Très Bas,Très Bas,1,1
22343,Très Haut,Très Haut,1.4,1.4
22344,Bas,Bas,1.1,1.1
22345,Bas,Bas,1.1,1.1
22346,Bas,Bas,1.1,1.1
22347,Bas,Haut,1.1,1.3
22348,Très Bas,Très Bas,1,1
22349,Haut,Haut,1.3,1.3
22350,Très Bas,Bas,1,1.1
22351,Très Bas,Très Bas,1,1
22352,Très Bas,Très Bas,1,1
22353,Très Haut,Très Haut,1.4,1.4
22354,Moyen,Bas,1.2,1.1
22356,Bas,Bas,1.1,1.1
22358,Très Bas,Très Bas,1,1
22359,Bas,Bas,1.1,1.1
22360,Très Haut,Très Haut,1.4,1.4
22361,Très Bas,Très Bas,1,1
22362,Haut,Haut,1.3,1.3
22363,Moyen,Moyen,1.2,1.2
22364,Haut,Moyen,1.3,1.2
22365,Très Bas,Moyen,1,1.2
22366,Très Bas,Bas,1,1.1
22368,Très Bas,Très Bas,1,1
22369,Très Bas,Bas,1,1.1
22370,Très Bas,Très Bas,1,1
22371,Bas,Moyen,1.1,1.2
22372,Haut,Moyen,1.3,1.2
22373,Très Bas,Très Bas,1,1
22375,Bas,Très Bas,1.1,1
22376,Moyen,Haut,1.2,1.3
22377,Bas,Moyen,1.1,1.2
22378,Très Bas,Très Bas,1,1
22379,Haut,Haut,1.3,1.3
22380,Bas,Bas,1.1,1.1
22381,Très Bas,Très Bas,1,1
22383,Très Bas,Très Bas,1,1
22384,Moyen,Moyen,1.2,1.2
22385,Moyen,Bas,1.2,1.1
22386,Très Bas,Très Bas,1,1
22387,Moyen,Haut,1.2,1.3
22388,Haut,Bas,1.3,1.1
22389,Très Haut,Très Haut,1.4,1.4
22390,Bas,Moyen,1.1,1.2
22391,Moyen,Moyen,1.2,1.2
29001,Moyen,Haut,1.2,1.3
29002,Moyen,Haut,1.2,1.3
29003,Très Haut,Très Haut,1.4,1.4
29004,Très Haut,Très Haut,1.4,1.4
29005,Bas,Bas,1.1,1.1
29006,Très Haut,Très Haut,1.4,1.4
29007,Haut,Moyen,1.3,1.2
29008,Moyen,Haut,1.2,1.3
29010,Moyen,Moyen,1.2,1.2
29011,Moyen,Haut,1.2,1.3
29012,Très Bas,Très Bas,1,1
29013,Bas,Très Bas,1.1,1
29014,Bas,Bas,1.1,1.1
29015,Haut,Haut,1.3,1.3
29016,Haut,Moyen,1.3,1.2
29017,Très Bas,Bas,1,1.1
29018,Bas,Bas,1.1,1.1
29019,Très Haut,Très Haut,1.4,1.4
29020,Haut,Très Haut,1.3,1.4
29021,Très Haut,Haut,1.4,1.3
29022,Très Haut,Très Haut,1.4,1.4
29023,Très Haut,Très Haut,1.4,1.4
29024,Très Haut,Très Haut,1.4,1.4
29025,Moyen,Haut,1.2,1.3
29026,Très Haut,Très Haut,1.4,1.4
29027,Très Haut,Très Haut,1.4,1.4
29028,Moyen,Haut,1.2,1.3
29029,Moyen,Moyen,1.2,1.2
29030,Très Haut,Très Haut,1.4,1.4
29031,Très Haut,Très Haut,1.4,1.4
29032,Haut,Haut,1.3,1.3
29033,Très Bas,Bas,1,1.1
29034,Bas,Bas,1.1,1.1
29035,Très Bas,Très Bas,1,1
29036,Moyen,Moyen,1.2,1.2
29037,Très Haut,Très Haut,1.4,1.4
29038,Moyen,Moyen,1.2,1.2
29039,Très Haut,Très Haut,1.4,1.4
29040,Très Haut,Haut,1.4,1.3
29041,Moyen,Moyen,1.2,1.2
29042,Très Haut,Très Haut,1.4,1.4
29043,Haut,Haut,1.3,1.3
29044,Moyen,Moyen,1.2,1.2
29045,Haut,Haut,1.3,1.3
29046,Très Haut,Très Haut,1.4,1.4
29047,Moyen,Moyen,1.2,1.2
29048,Moyen,Haut,1.2,1.3
29049,Haut,Très Haut,1.3,1.4
29051,Très Haut,Très Haut,1.4,1.4
29053,Haut,Très Haut,1.3,1.4
29054,Bas,Bas,1.1,1.1
29055,Haut,Moyen,1.3,1.2
29056,Moyen,Moyen,1.2,1.2
29057,Très Haut,Très Haut,1.4,1.4
29058,Très Haut,Très Haut,1.4,1.4
29059,Moyen,Bas,1.2,1.1
29060,Haut,Très Haut,1.3,1.4
29061,Très Haut,Très Haut,1.4,1.4
29062,Bas,Moyen,1.1,1.2
29063,Très Bas,Moyen,1,1.2
29064,Très Bas,Très Bas,1,1
29065,Bas,Bas,1.1,1.1
29066,Moyen,Haut,1.2,1.3
29067,Haut,Moyen,1.3,1.2
29068,Haut,Très Haut,1.3,1.4
29069,Très Haut,Très Haut,1.4,1.4
29070,Très Bas,Bas,1,1.1
29071,Bas,Moyen,1.1,1.2
29072,Haut,Très Haut,1.3,1.4
29073,Moyen,Moyen,1.2,1.2
29074,Moyen,Très Bas,1.2,1
29075,Très Haut,Très Haut,1.4,1.4
29076,Très Haut,Haut,1.4,1.3
29077,Haut,Très Haut,1.3,1.4
29078,Haut,Haut,1.3,1.3
29079,Moyen,Bas,1.2,1.1
29080,Haut,Bas,1.3,1.1
29081,Très Haut,Haut,1.4,1.3
29082,Moyen,Très Bas,1.2,1
29083,Bas,Haut,1.1,1.3
29084,Très Bas,Haut,1,1.3
29085,Haut,Bas,1.3,1.1
29086,Bas,Moyen,1.1,1.2
29087,Très Bas,Bas,1,1.1
29089,Bas,Bas,1.1,1.1
29090,Très Bas,Très Bas,1,1
29091,Très Haut,Très Haut,1.4,1.4
29093,Moyen,Bas,1.2,1.1
29094,Très Bas,Très Bas,1,1
29095,Bas,Moyen,1.1,1.2
29097,Haut,Haut,1.3,1.3
29098,Haut,Haut,1.3,1.3
29099,Bas,Bas,1.1,1.1
29100,Très Bas,Très Bas,1,1
29101,Très Haut,Très Haut,1.4,1.4
29102,Haut,Moyen,1.3,1.2
29103,Très Haut,Très Haut,1.4,1.4
29104,Très Bas,Bas,1,1.1
29105,Très Haut,Très Haut,1.4,1.4
29106,Bas,Moyen,1.1,1.2
29107,Bas,Bas,1.1,1.1
29108,Bas,Moyen,1.1,1.2
29109,Haut,Haut,1.3,1.3
29110,Très Bas,Bas,1,1.1
29111,Moyen,Haut,1.2,1.3
29112,Moyen,Moyen,1.2,1.2
29113,Haut,Moyen,1.3,1.2
29114,Bas,Très Bas,1.1,1
29115,Très Bas,Très Bas,1,1
29116,Très Bas,Très Bas,1,1
29117,Très Haut,Très Haut,1.4,1.4
29119,Moyen,Bas,1.2,1.1
29120,Haut,Haut,1.3,1.3
29122,Bas,Moyen,1.1,1.2
29123,Moyen,Moyen,1.2,1.2
29124,Très Haut,Très Haut,1.4,1.4
29125,Bas,Moyen,1.1,1.2
29126,Très Bas,Très Bas,1,1
29128,Très Bas,Très Bas,1,1
29130,Très Haut,Très Haut,1.4,1.4
29131,Très Bas,Très Bas,1,1
29132,Très Bas,Très Bas,1,1
29133,Haut,Haut,1.3,1.3
29134,Bas,Bas,1.1,1.1
29135,Très Haut,Très Haut,1.4,1.4
29136,Moyen,Moyen,1.2,1.2
29137,Moyen,Moyen,1.2,1.2
29139,Bas,Bas,1.1,1.1
29140,Haut,Très Haut,1.3,1.4
29141,Bas,Moyen,1.1,1.2
29142,Très Bas,Moyen,1,1.2
29143,Bas,Moyen,1.1,1.2
29144,Bas,Bas,1.1,1.1
29145,Bas,Bas,1.1,1.1
29146,Haut,Très Haut,1.3,1.4
29147,Haut,Haut,1.3,1.3
29148,Moyen,Moyen,1.2,1.2
29150,Très Haut,Très Haut,1.4,1.4
29151,Très Haut,Très Haut,1.4,1.4
29152,Moyen,Moyen,1.2,1.2
29153,Très Haut,Très Haut,1.4,1.4
29155,Bas,Très Haut,1.1,1.4
29156,Moyen,Bas,1.2,1.1
29158,Très Haut,Très Haut,1.4,1.4
29159,Bas,Moyen,1.1,1.2
29160,Très Haut,Très Haut,1.4,1.4
29161,Très Haut,Haut,1.4,1.3
29162,Haut,Très Haut,1.3,1.4
29163,Haut,Très Haut,1.3,1.4
29165,Très Haut,Très Haut,1.4,1.4
29166,Très Bas,Bas,1,1.1
29167,Moyen,Haut,1.2,1.3
29168,Haut,Moyen,1.3,1.2
29169,Haut,Très Haut,1.3,1.4
29170,Très Haut,Très Haut,1.4,1.4
29171,Très Haut,Très Haut,1.4,1.4
29172,Haut,Haut,1.3,1.3
29173,Moyen,Haut,1.2,1.3
29174,Très Haut,Très Haut,1.4,1.4
29175,Haut,Très Haut,1.3,1.4
29176,Haut,Haut,1.3,1.3
29177,Très Haut,Très Haut,1.4,1.4
29178,Très Haut,Très Haut,1.4,1.4
29179,Haut,Très Haut,1.3,1.4
29180,Moyen,Haut,1.2,1.3
29181,Haut,Très Haut,1.3,1.4
29182,Moyen,Très Bas,1.2,1
29183,Bas,Bas,1.1,1.1
29184,Haut,Très Haut,1.3,1.4
29185,Très Haut,Très Haut,1.4,1.4
29186,Haut,Moyen,1.3,1.2
29187,Bas,Bas,1.1,1.1
29188,Très Haut,Très Haut,1.4,1.4
29189,Très Haut,Très Haut,1.4,1.4
29190,Très Haut,Très Haut,1.4,1.4
29191,Très Haut,Haut,1.4,1.3
29192,Moyen,Haut,1.2,1.3
29193,Moyen,Moyen,1.2,1.2
29195,Très Haut,Très Haut,1.4,1.4
29196,Haut,Haut,1.3,1.3
29197,Très Haut,Très Haut,1.4,1.4
29198,Moyen,Moyen,1.2,1.2
29199,Très Haut,Très Haut,1.4,1.4
29201,Moyen,Haut,1.2,1.3
29202,Haut,Haut,1.3,1.3
29204,Moyen,Moyen,1.2,1.2
29205,Bas,Moyen,1.1,1.2
29206,Haut,Très Haut,1.3,1.4
29207,Haut,Très Haut,1.3,1.4
29208,Bas,Moyen,1.1,1.2
29209,Haut,Très Haut,1.3,1.4
29210,Haut,Haut,1.3,1.3
29211,Bas,Moyen,1.1,1.2
29212,Très Haut,Très Haut,1.4,1.4
29213,Haut,Haut,1.3,1.3
29214,Bas,Moyen,1.1,1.2
29215,Haut,Très Haut,1.3,1.4
29216,Très Haut,Très Haut,1.4,1.4
29217,Haut,Très Haut,1.3,1.4
29218,Haut,Haut,1.3,1.3
29220,Très Haut,Très Haut,1.4,1.4
29221,Haut,Haut,1.3,1.3
29222,Très Bas,Très Bas,1,1
29224,Bas,Moyen,1.1,1.2
29225,Haut,Très Haut,1.3,1.4
29226,Moyen,Moyen,1.2,1.2
29227,Haut,Haut,1.3,1.3
29228,Bas,Très Bas,1.1,1
29229,Moyen,Bas,1.2,1.1
29230,Haut,Très Haut,1.3,1.4
29232,Très Haut,Très Haut,1.4,1.4
29233,Très Haut,Très Haut,1.4,1.4
29234,Haut,Haut,1.3,1.3
29235,Très Haut,Très Haut,1.4,1.4
29236,Très Haut,Très Haut,1.4,1.4
29237,Moyen,Moyen,1.2,1.2
29238,Moyen,Moyen,1.2,1.2
29239,Très Haut,Haut,1.4,1.3
29240,Bas,Moyen,1.1,1.2
29241,Très Haut,Très Haut,1.4,1.4
29243,Très Bas,Bas,1,1.1
29244,Très Bas,Très Bas,1,1
29245,Moyen,Bas,1.2,1.1
29246,Très Bas,Très Bas,1,1
29247,Haut,Très Haut,1.3,1.4
29248,Bas,Moyen,1.1,1.2
29249,Bas,Haut,1.1,1.3
29250,Moyen,Bas,1.2,1.1
29251,Bas,Bas,1.1,1.1
29252,Moyen,Moyen,1.2,1.2
29254,Très Haut,Très Haut,1.4,1.4
29255,Bas,Très Bas,1.1,1
29256,Moyen,Moyen,1.2,1.2
29257,Haut,Haut,1.3,1.3
29259,Très Haut,Très Haut,1.4,1.4
29260,Très Haut,Très Haut,1.4,1.4
29261,Bas,Très Bas,1.1,1
29262,Moyen,Bas,1.2,1.1
29263,Bas,Bas,1.1,1.1
29264,Très Bas,Bas,1,1.1
29265,Moyen,Bas,1.2,1.1
29266,Très Haut,Haut,1.4,1.3
29267,Bas,Haut,1.1,1.3
29268,Moyen,Bas,1.2,1.1
29269,Bas,Moyen,1.1,1.2
29270,Moyen,Moyen,1.2,1.2
29271,Moyen,Haut,1.2,1.3
29272,Très Haut,Haut,1.4,1.3
29273,Très Haut,Haut,1.4,1.3
29274,Très Haut,Très Haut,1.4,1.4
29275,Haut,Haut,1.3,1.3
29276,Moyen,Bas,1.2,1.1
29277,Haut,Haut,1.3,1.3
29278,Haut,Très Haut,1.3,1.4
29279,Haut,Haut,1.3,1.3
29280,Haut,Haut,1.3,1.3
29281,Bas,Moyen,1.1,1.2
29282,Très Bas,Très Bas,1,1
29284,Haut,Haut,1.3,1.3
29285,Bas,Bas,1.1,1.1
29286,Très Bas,Très Bas,1,1
29287,Moyen,Bas,1.2,1.1
29288,Très Bas,Très Bas,1,1
29289,Très Bas,Bas,1,1.1
29290,Très Bas,Haut,1,1.3
29291,Bas,Bas,1.1,1.1
29292,Bas,Bas,1.1,1.1
29293,Très Haut,Très Haut,1.4,1.4
29294,Très Bas,Bas,1,1.1
29295,Très Bas,Très Bas,1,1
29296,Bas,Moyen,1.1,1.2
29297,Moyen,Moyen,1.2,1.2
29298,Très Bas,Bas,1,1.1
29299,Très Bas,Très Bas,1,1
29300,Bas,Moyen,1.1,1.2
29301,Très Bas,Très Bas,1,1
29302,Haut,Haut,1.3,1.3
35001,Très Haut,Très Haut,1.4,1.4
35002,Moyen,Haut,1.2,1.3
35003,Bas,Très Bas,1.1,1
35004,Très Haut,Haut,1.4,1.3
35005,Très Bas,Très Bas,1,1
35006,Haut,Haut,1.3,1.3
35007,Très Bas,Très Bas,1,1
35008,Très Bas,Très Bas,1,1
35009,Moyen,Moyen,1.2,1.2
35010,Moyen,Haut,1.2,1.3
35012,Très Haut,Très Haut,1.4,1.4
35013,Très Haut,Haut,1.4,1.3
35014,Moyen,Haut,1.2,1.3
35015,Haut,Haut,1.3,1.3
35016,Haut,Moyen,1.3,1.2
35017,Moyen,Très Bas,1.2,1
35018,Bas,Haut,1.1,1.3
35019,Haut,Haut,1.3,1.3
35021,Très Bas,Bas,1,1.1
35022,Moyen,Très Bas,1.2,1
35023,Très Haut,Haut,1.4,1.3
35024,Très Haut,Très Haut,1.4,1.4
35025,Très Bas,Très Bas,1,1
35026,Très Bas,Très Bas,1,1
35027,Bas,Bas,1.1,1.1
35028,Bas,Très Bas,1.1,1
35029,Moyen,Bas,1.2,1.1
35030,Bas,Très Bas,1.1,1
35031,Haut,Très Haut,1.3,1.4
35032,Haut,Haut,1.3,1.3
35033,Haut,Haut,1.3,1.3
35034,Haut,Moyen,1.3,1.2
35035,Bas,Très Bas,1.1,1
35037,Très Haut,Très Haut,1.4,1.4
35038,Très Bas,Très Bas,1,1
35039,Moyen,Moyen,1.2,1.2
35040,Moyen,Moyen,1.2,1.2
35041,Bas,Bas,1.1,1.1
35042,Très Bas,Très Bas,1,1
35044,Très Bas,Très Bas,1,1
35045,Bas,Bas,1.1,1.1
35046,Bas,Très Bas,1.1,1
35047,Très Haut,Très Haut,1.4,1.4
35049,Très Haut,Très Haut,1.4,1.4
35050,Bas,Moyen,1.1,1.2
35051,Très Haut,Très Haut,1.4,1.4
35052,Très Bas,Très Bas,1,1
35054,Moyen,Bas,1.2,1.1
35055,Très Haut,Très Haut,1.4,1.4
35056,Bas,Très Bas,1.1,1
35057,Moyen,Moyen,1.2,1.2
35058,Très Bas,Très Bas,1,1
35059,Très Haut,Très Haut,1.4,1.4
35060,Très Bas,Très Bas,1,1
35061,Très Bas,Très Bas,1,1
35062,Bas,Moyen,1.1,1.2
35063,Très Bas,Très Bas,1,1
35064,Moyen,Bas,1.2,1.1
35065,Moyen,Bas,1.2,1.1
35066,Très Haut,Très Haut,1.4,1.4
35067,Moyen,Bas,1.2,1.1
35068,Très Haut,Haut,1.4,1.3
35069,Très Haut,Très Haut,1.4,1.4
35070,Bas,Très Bas,1.1,1
35071,Très Bas,Très Bas,1,1
35072,Haut,Moyen,1.3,1.2
35075,Bas,Très Bas,1.1,1
35076,Très Haut,Haut,1.4,1.3
35077,Très Bas,Bas,1,1.1
35078,Haut,Moyen,1.3,1.2
35079,Moyen,Moyen,1.2,1.2
35080,Moyen,Moyen,1.2,1.2
35081,Très Bas,Bas,1,1.1
35082,Moyen,Moyen,1.2,1.2
35084,Moyen,Très Bas,1.2,1
35085,Très Haut,Très Haut,1.4,1.4
35086,Très Bas,Très Bas,1,1
35087,Très Bas,Bas,1,1.1
35088,Haut,Haut,1.3,1.3
35089,Très Bas,Moyen,1,1.2
35090,Haut,Moyen,1.3,1.2
35091,Bas,Très Bas,1.1,1
35092,Bas,Bas,1.1,1.1
35093,Très Haut,Très Haut,1.4,1.4
35094,Bas,Moyen,1.1,1.2
35095,Très Haut,Très Haut,1.4,1.4
35096,Moyen,Moyen,1.2,1.2
35097,Bas,Moyen,1.1,1.2
35098,Bas,Moyen,1.1,1.2
35099,Haut,Moyen,1.3,1.2
35101,Bas,Bas,1.1,1.1
35102,Très Bas,Bas,1,1.1
35103,Très Bas,Bas,1,1.1
35104,Bas,Moyen,1.1,1.2
35105,Bas,Moyen,1.1,1.2
35106,Haut,Moyen,1.3,1.2
35107,Moyen,Bas,1.2,1.1
35108,Moyen,Moyen,1.2,1.2
35109,Haut,Haut,1.3,1.3
35110,Bas,Très Bas,1.1,1
35111,Très Bas,Bas,1,1.1
35112,Très Bas,Bas,1,1.1
35114,Très Bas,Très Bas,1,1
35115,Très Haut,Très Haut,1.4,1.4
35116,Haut,Moyen,1.3,1.2
35117,Moyen,Moyen,1.2,1.2
35118,Moyen,Bas,1.2,1.1
35119,Très Bas,Bas,1,1.1
35120,Très Haut,Haut,1.4,1.3
35121,Moyen,Bas,1.2,1.1
35122,Haut,Moyen,1.3,1.2
35123,Haut,Haut,1.3,1.3
35124,Haut,Haut,1.3,1.3
35125,Haut,Haut,1.3,1.3
35126,Très Haut,Très Haut,1.4,1.4
35127,Très Haut,Haut,1.4,1.3
35128,Bas,Bas,1.1,1.1
35130,Haut,Haut,1.3,1.3
35131,Haut,Haut,1.3,1.3
35132,Moyen,Très Bas,1.2,1
35133,Haut,Très Haut,1.3,1.4
35134,Très Bas,Très Bas,1,1
35135,Moyen,Bas,1.2,1.1
35136,Très Haut,Très Haut,1.4,1.4
35137,Bas,Moyen,1.1,1.2
35138,Très Bas,Bas,1,1.1
35139,Très Haut,Moyen,1.4,1.2
35140,Très Bas,Bas,1,1.1
35141,Bas,Très Bas,1.1,1
35142,Bas,Moyen,1.1,1.2
35143,Bas,Très Bas,1.1,1
35144,Très Bas,Très Bas,1,1
35145,Haut,Bas,1.3,1.1
35146,Très Bas,Très Bas,1,1
35148,Très Bas,Très Bas,1,1
35149,Moyen,Bas,1.2,1.1
35150,Très Haut,Haut,1.4,1.3
35151,Moyen,Bas,1.2,1.1
35152,Très Haut,Très Haut,1.4,1.4
35153,Très Bas,Très Bas,1,1
35154,Bas,Moyen,1.1,1.2
35155,Très Bas,Bas,1,1.1
35156,Bas,Très Bas,1.1,1
35157,Bas,Très Bas,1.1,1
35159,Très Bas,Très Bas,1,1
35160,Très Bas,Très Bas,1,1
35161,Moyen,Moyen,1.2,1.2
35162,Haut,Haut,1.3,1.3
35163,Moyen,Moyen,1.2,1.2
35164,Très Bas,Bas,1,1.1
35165,Moyen,Moyen,1.2,1.2
35166,Très Bas,Bas,1,1.1
35167,Haut,Haut,1.3,1.3
35168,Haut,Très Haut,1.3,1.4
35169,Haut,Moyen,1.3,1.2
35170,Très Bas,Très Bas,1,1
35171,Haut,Moyen,1.3,1.2
35172,Moyen,Moyen,1.2,1.2
35173,Très Haut,Très Haut,1.4,1.4
35174,Bas,Très Bas,1.1,1
35175,Bas,Très Bas,1.1,1
35176,Très Haut,Très Haut,1.4,1.4
35177,Haut,Haut,1.3,1.3
35178,Moyen,Bas,1.2,1.1
35179,Très Haut,Très Haut,1.4,1.4
35180,Bas,Très Bas,1.1,1
35181,Moyen,Bas,1.2,1.1
35183,Très Bas,Très Bas,1,1
35184,Très Haut,Haut,1.4,1.3
35185,Très Bas,Très Bas,1,1
35186,Moyen,Bas,1.2,1.1
35187,Moyen,Moyen,1.2,1.2
35188,Très Haut,Très Haut,1.4,1.4
35189,Haut,Haut,1.3,1.3
35190,Très Bas,Très Bas,1,1
35191,Moyen,Moyen,1.2,1.2
35192,Très Bas,Très Bas,1,1
35193,Haut,Moyen,1.3,1.2
35194,Très Bas,Très Bas,1,1
35195,Haut,Moyen,1.3,1.2
35196,Très Haut,Très Haut,1.4,1.4
35197,Moyen,Très Bas,1.2,1
35198,Bas,Bas,1.1,1.1
35199,Bas,Très Bas,1.1,1
35200,Bas,Bas,1.1,1.1
35201,Bas,Bas,1.1,1.1
35202,Bas,Bas,1.1,1.1
35203,Très Bas,Très Bas,1,1
35204,Haut,Moyen,1.3,1.2
35205,Très Bas,Très Bas,1,1
35206,Très Haut,Très Haut,1.4,1.4
35207,Haut,Très Haut,1.3,1.4
35208,Haut,Haut,1.3,1.3
35210,Très Haut,Très Haut,1.4,1.4
35211,Haut,Haut,1.3,1.3
35212,Moyen,Bas,1.2,1.1
35214,Très Bas,Très Bas,1,1
35215,Bas,Moyen,1.1,1.2
35216,Bas,Très Bas,1.1,1
35217,Bas,Très Bas,1.1,1
35218,Très Bas,Très Bas,1,1
35219,Haut,Haut,1.3,1.3
35220,Haut,Haut,1.3,1.3
35221,Très Haut,Haut,1.4,1.3
35222,Haut,Haut,1.3,1.3
35223,Très Haut,Très Haut,1.4,1.4
35224,Haut,Moyen,1.3,1.2
35225,Très Bas,Très Bas,1,1
35226,Haut,Moyen,1.3,1.2
35227,Moyen,Moyen,1.2,1.2
35228,Très Haut,Très Haut,1.4,1.4
35229,Bas,Bas,1.1,1.1
35230,Bas,Bas,1.1,1.1
35231,Bas,Très Bas,1.1,1
35232,Très Bas,Très Bas,1,1
35233,Bas,Bas,1.1,1.1
35234,Bas,Moyen,1.1,1.2
35235,Bas,Bas,1.1,1.1
35236,Très Haut,Très Haut,1.4,1.4
35237,Moyen,Moyen,1.2,1.2
35238,Très Haut,Très Haut,1.4,1.4
35239,Haut,Très Haut,1.3,1.4
35240,Très Haut,Très Haut,1.4,1.4
35241,Haut,Moyen,1.3,1.2
35242,Très Bas,Très Bas,1,1
35243,Moyen,Haut,1.2,1.3
35244,Très Bas,Très Bas,1,1
35245,Très Haut,Haut,1.4,1.3
35246,Moyen,Moyen,1.2,1.2
35247,Moyen,Très Bas,1.2,1
35248,Bas,Très Bas,1.1,1
35249,Bas,Bas,1.1,1.1
35250,Haut,Bas,1.3,1.1
35251,Haut,Haut,1.3,1.3
35252,Très Bas,Bas,1,1.1
35253,Très Haut,Haut,1.4,1.3
35255,Bas,Très Bas,1.1,1
35256,Très Haut,Haut,1.4,1.3
35257,Très Haut,Très Haut,1.4,1.4
35258,Très Bas,Bas,1,1.1
35259,Moyen,Moyen,1.2,1.2
35260,Bas,Très Bas,1.1,1
35261,Très Bas,Très Bas,1,1
35262,Bas,Très Bas,1.1,1
35263,Haut,Haut,1.3,1.3
35264,Bas,Moyen,1.1,1.2
35265,Haut,Moyen,1.3,1.2
35266,Haut,Moyen,1.3,1.2
35268,Bas,Très Bas,1.1,1
35270,Très Bas,Très Bas,1,1
35271,Moyen,Moyen,1.2,1.2
35272,Très Bas,Très Bas,1,1
35273,Haut,Haut,1.3,1.3
35274,Bas,Très Bas,1.1,1
35275,Très Haut,Très Haut,1.4,1.4
35276,Très Bas,Très Bas,1,1
35277,Très Bas,Très Bas,1,1
35278,Très Haut,Très Haut,1.4,1.4
35279,Haut,Bas,1.3,1.1
35280,Bas,Bas,1.1,1.1
35281,Très Haut,Très Haut,1.4,1.4
35282,Haut,Moyen,1.3,1.2
35283,Bas,Très Bas,1.1,1
35284,Haut,Haut,1.3,1.3
35285,Moyen,Moyen,1.2,1.2
35286,Bas,Très Bas,1.1,1
35287,Très Haut,Très Haut,1.4,1.4
35288,Très Haut,Très Haut,1.4,1.4
35289,Bas,Bas,1.1,1.1
35290,Très Bas,Très Bas,1,1
35291,Très Bas,Très Bas,1,1
35292,Moyen,Moyen,1.2,1.2
35294,Haut,Moyen,1.3,1.2
35295,Très Bas,Très Bas,1,1
35296,Bas,Bas,1.1,1.1
35297,Très Haut,Haut,1.4,1.3
35299,Très Haut,Très Haut,1.4,1.4
35300,Moyen,Bas,1.2,1.1
35302,Bas,Moyen,1.1,1.2
35304,Bas,Bas,1.1,1.1
35305,Bas,Très Bas,1.1,1
35306,Haut,Haut,1.3,1.3
35307,Bas,Bas,1.1,1.1
35308,Très Haut,Haut,1.4,1.3
35309,Bas,Très Bas,1.1,1
35310,Très Bas,Bas,1,1.1
35311,Très Bas,Très Bas,1,1
35312,Haut,Bas,1.3,1.1
35314,Moyen,Bas,1.2,1.1
35315,Bas,Très Bas,1.1,1
35316,Très Bas,Bas,1,1.1
35317,Très Bas,Bas,1,1.1
35318,Bas,Très Bas,1.1,1
35319,Haut,Moyen,1.3,1.2
35320,Très Bas,Moyen,1,1.2
35321,Moyen,Bas,1.2,1.1
35322,Bas,Très Bas,1.1,1
35324,Très Bas,Très Bas,1,1
35325,Très Bas,Très Bas,1,1
35326,Moyen,Moyen,1.2,1.2
35327,Haut,Haut,1.3,1.3
35328,Haut,Moyen,1.3,1.2
35329,Bas,Moyen,1.1,1.2
35330,Très Bas,Très Bas,1,1
35331,Haut,Moyen,1.3,1.2
35332,Moyen,Bas,1.2,1.1
35333,Bas,Moyen,1.1,1.2
35334,Très Haut,Haut,1.4,1.3
35335,Bas,Moyen,1.1,1.2
35336,Très Bas,Très Bas,1,1
35337,Très Haut,Haut,1.4,1.3
35338,Bas,Bas,1.1,1.1
35339,Moyen,Bas,1.2,1.1
35340,Moyen,Moyen,1.2,1.2
35342,Très Bas,Très Bas,1,1
35343,Bas,Bas,1.1,1.1
35345,Bas,Très Bas,1.1,1
35346,Très Bas,Très Bas,1,1
35347,Haut,Moyen,1.3,1.2
35350,Très Bas,Très Bas,1,1
35351,Moyen,Bas,1.2,1.1
35352,Très Haut,Très Haut,1.4,1.4
35353,Très Haut,Très Haut,1.4,1.4
35354,Très Bas,Très Bas,1,1
35355,Moyen,Moyen,1.2,1.2
35356,Moyen,Moyen,1.2,1.2
35357,Très Bas,Très Bas,1,1
35358,Moyen,Bas,1.2,1.1
35359,Bas,Bas,1.1,1.1
35360,Très Haut,Très Haut,1.4,1.4
35361,Bas,Très Bas,1.1,1
35362,Moyen,Bas,1.2,1.1
35363,Haut,Moyen,1.3,1.2
44185,Très Haut,Haut,1.4,1.3
56001,Haut,Haut,1.3,1.3
56002,Haut,Haut,1.3,1.3
56003,Très Haut,Très Haut,1.4,1.4
56004,Haut,Haut,1.3,1.3
56005,Très Haut,Très Haut,1.4,1.4
56006,Moyen,Bas,1.2,1.1
56007,Très Haut,Très Haut,1.4,1.4
56008,Très Haut,Très Haut,1.4,1.4
56009,Haut,Haut,1.3,1.3
56010,Très Haut,Très Haut,1.4,1.4
56011,Haut,Moyen,1.3,1.2
56012,Bas,Bas,1.1,1.1
56013,Très Haut,Très Haut,1.4,1.4
56014,Moyen,Moyen,1.2,1.2
56015,Moyen,Bas,1.2,1.1
56017,Haut,Très Haut,1.3,1.4
56018,Moyen,Moyen,1.2,1.2
56019,Très Bas,Très Bas,1,1
56020,Bas,Bas,1.1,1.1
56021,Moyen,Moyen,1.2,1.2
56022,Moyen,Moyen,1.2,1.2
56023,Très Haut,Très Haut,1.4,1.4
56024,Moyen,Haut,1.2,1.3
56025,Très Bas,Très Bas,1,1
56026,Très Haut,Haut,1.4,1.3
56027,Très Bas,Bas,1,1.1
56028,Moyen,Moyen,1.2,1.2
56029,Bas,Bas,1.1,1.1
56030,Haut,Moyen,1.3,1.2
56031,Très Haut,Très Haut,1.4,1.4
56032,Moyen,Moyen,1.2,1.2
56033,Très Haut,Haut,1.4,1.3
56034,Très Haut,Très Haut,1.4,1.4
56035,Moyen,Bas,1.2,1.1
56036,Très Haut,Très Haut,1.4,1.4
56039,Bas,Moyen,1.1,1.2
56040,Haut,Haut,1.3,1.3
56041,Haut,Haut,1.3,1.3
56042,Haut,Haut,1.3,1.3
56043,Moyen,Bas,1.2,1.1
56044,Bas,Très Bas,1.1,1
56045,Très Bas,Très Bas,1,1
56046,Très Haut,Très Haut,1.4,1.4
56047,Bas,Haut,1.1,1.3
56048,Bas,Bas,1.1,1.1
56049,Très Bas,Très Bas,1,1
56050,Très Bas,Très Bas,1,1
56051,Bas,Bas,1.1,1.1
56052,Très Haut,Haut,1.4,1.3
56053,Très Haut,Très Haut,1.4,1.4
56054,Très Haut,Très Haut,1.4,1.4
56055,Très Haut,Haut,1.4,1.3
56056,Très Bas,Très Bas,1,1
56057,Très Haut,Très Haut,1.4,1.4
56058,Très Haut,Très Haut,1.4,1.4
56060,Bas,Bas,1.1,1.1
56061,Très Haut,Haut,1.4,1.3
56062,Bas,Moyen,1.1,1.2
56063,Haut,Bas,1.3,1.1
56065,Très Bas,Très Bas,1,1
56066,Très Haut,Très Haut,1.4,1.4
56067,Très Haut,Très Haut,1.4,1.4
56068,Très Bas,Très Bas,1,1
56069,Très Haut,Très Haut,1.4,1.4
56070,Haut,Haut,1.3,1.3
56071,Bas,Bas,1.1,1.1
56072,Très Bas,Moyen,1,1.2
56073,Haut,Moyen,1.3,1.2
56074,Moyen,Haut,1.2,1.3
56075,Très Haut,Très Haut,1.4,1.4
56076,Moyen,Haut,1.2,1.3
56077,Bas,Moyen,1.1,1.2
56078,Très Haut,Très Haut,1.4,1.4
56079,Moyen,Moyen,1.2,1.2
56080,Haut,Haut,1.3,1.3
56081,Très Haut,Très Haut,1.4,1.4
56082,Très Bas,Très Bas,1,1
56083,Très Haut,Très Haut,1.4,1.4
56084,Bas,Bas,1.1,1.1
56085,Très Bas,Très Bas,1,1
56086,Très Bas,Très Bas,1,1
56087,Très Haut,Moyen,1.4,1.2
56088,Bas,Bas,1.1,1.1
56089,Haut,Haut,1.3,1.3
56090,Très Haut,Très Haut,1.4,1.4
56091,Haut,Haut,1.3,1.3
56092,Très Bas,Bas,1,1.1
56093,Bas,Moyen,1.1,1.2
56094,Très Haut,Très Haut,1.4,1.4
56096,Haut,Haut,1.3,1.3
56097,Haut,Haut,1.3,1.3
56098,Très Haut,Très Haut,1.4,1.4
56099,Très Bas,Bas,1,1.1
56100,Haut,Haut,1.3,1.3
56101,Très Haut,Très Haut,1.4,1.4
56102,Haut,Haut,1.3,1.3
56103,Très Bas,Très Bas,1,1
56104,Bas,Très Bas,1.1,1
56105,Moyen,Haut,1.2,1.3
56106,Haut,Moyen,1.3,1.2
56107,Très Haut,Très Haut,1.4,1.4
56108,Moyen,Bas,1.2,1.1
56109,Moyen,Moyen,1.2,1.2
56110,Moyen,Moyen,1.2,1.2
56111,Moyen,Moyen,1.2,1.2
56112,Bas,Bas,1.1,1.1
56113,Moyen,Haut,1.2,1.3
56114,Haut,Haut,1.3,1.3
56115,Haut,Bas,1.3,1.1
56116,Très Haut,Haut,1.4,1.3
56117,Très Haut,Haut,1.4,1.3
56118,Haut,Haut,1.3,1.3
56119,Très Haut,Très Haut,1.4,1.4
56120,Haut,Haut,1.3,1.3
56121,Très Haut,Très Haut,1.4,1.4
56122,Haut,Moyen,1.3,1.2
56123,Haut,Haut,1.3,1.3
56124,Haut,Haut,1.3,1.3
56125,Moyen,Bas,1.2,1.1
56126,Très Haut,Très Haut,1.4,1.4
56127,Très Haut,Haut,1.4,1.3
56128,Haut,Haut,1.3,1.3
56129,Haut,Haut,1.3,1.3
56130,Moyen,Moyen,1.2,1.2
56131,Moyen,Haut,1.2,1.3
56132,Moyen,Bas,1.2,1.1
56133,Bas,Bas,1.1,1.1
56134,Moyen,Haut,1.2,1.3
56135,Bas,Moyen,1.1,1.2
56136,Bas,Bas,1.1,1.1
56137,Haut,Moyen,1.3,1.2
56139,Très Bas,Très Bas,1,1
56140,Très Haut,Haut,1.4,1.3
56141,Haut,Moyen,1.3,1.2
56143,Très Haut,Très Haut,1.4,1.4
56144,Très Haut,Haut,1.4,1.3
56145,Bas,Bas,1.1,1.1
56146,Moyen,Haut,1.2,1.3
56147,Très Haut,Très Haut,1.4,1.4
56148,Haut,Bas,1.3,1.1
56149,Haut,Très Haut,1.3,1.4
56151,Très Haut,Très Haut,1.4,1.4
56152,Très Haut,Très Haut,1.4,1.4
56153,Très Haut,Très Haut,1.4,1.4
56154,Moyen,Moyen,1.2,1.2
56155,Très Haut,Très Haut,1.4,1.4
56156,Très Bas,Bas,1,1.1
56157,Haut,Haut,1.3,1.3
56158,Très Haut,Très Haut,1.4,1.4
56159,Haut,Moyen,1.3,1.2
56160,Bas,Bas,1.1,1.1
56161,Haut,Très Haut,1.3,1.4
56162,Très Haut,Très Haut,1.4,1.4
56163,Moyen,Haut,1.2,1.3
56164,Très Haut,Très Haut,1.4,1.4
56165,Très Haut,Très Haut,1.4,1.4
56166,Très Haut,Très Haut,1.4,1.4
56167,Très Haut,Haut,1.4,1.3
56168,Très Haut,Haut,1.4,1.3
56169,Très Haut,Très Haut,1.4,1.4
56170,Moyen,Moyen,1.2,1.2
56171,Moyen,Bas,1.2,1.1
56172,Haut,Haut,1.3,1.3
56173,Très Haut,Très Haut,1.4,1.4
56174,Haut,Haut,1.3,1.3
56175,Très Haut,Haut,1.4,1.3
56176,Très Haut,Très Haut,1.4,1.4
56177,Très Haut,Très Haut,1.4,1.4
56178,Très Haut,Très Haut,1.4,1.4
56179,Haut,Haut,1.3,1.3
56180,Très Bas,Très Bas,1,1
56181,Très Haut,Haut,1.4,1.3
56182,Moyen,Haut,1.2,1.3
56184,Très Haut,Très Haut,1.4,1.4
56185,Très Haut,Très Haut,1.4,1.4
56186,Très Haut,Très Haut,1.4,1.4
56188,Haut,Moyen,1.3,1.2
56189,Moyen,Bas,1.2,1.1
56190,Moyen,Moyen,1.2,1.2
56191,Très Bas,Très Bas,1,1
56193,Très Haut,Très Haut,1.4,1.4
56194,Haut,Haut,1.3,1.3
56195,Bas,Bas,1.1,1.1
56196,Très Bas,Très Bas,1,1
56197,Haut,Moyen,1.3,1.2
56198,Haut,Moyen,1.3,1.2
56199,Moyen,Bas,1.2,1.1
56200,Moyen,Moyen,1.2,1.2
56201,Moyen,Moyen,1.2,1.2
56202,Bas,Bas,1.1,1.1
56203,Bas,Haut,1.1,1.3
56204,Très Bas,Bas,1,1.1
56205,Haut,Bas,1.3,1.1
56206,Très Haut,Très Haut,1.4,1.4
56207,Moyen,Haut,1.2,1.3
56208,Très Bas,Très Bas,1,1
56209,Très Bas,Très Bas,1,1
56210,Très Bas,Bas,1,1.1
56211,Bas,Bas,1.1,1.1
56212,Haut,Haut,1.3,1.3
56213,Bas,Moyen,1.1,1.2
56214,Très Haut,Très Haut,1.4,1.4
56215,Bas,Bas,1.1,1.1
56216,Très Bas,Très Bas,1,1
56218,Bas,Moyen,1.1,1.2
56219,Moyen,Moyen,1.2,1.2
56220,Moyen,Bas,1.2,1.1
56221,Moyen,Bas,1.2,1.1
56222,Haut,Haut,1.3,1.3
56223,Moyen,Bas,1.2,1.1
56224,Très Bas,Très Bas,1,1
56225,Très Bas,Très Bas,1,1
56226,Très Bas,Très Bas,1,1
56227,Bas,Très Bas,1.1,1
56228,Moyen,Bas,1.2,1.1
56229,Moyen,Moyen,1.2,1.2
56230,Très Bas,Bas,1,1.1
56231,Haut,Haut,1.3,1.3
56232,Bas,Bas,1.1,1.1
56233,Haut,Haut,1.3,1.3
56234,Très Haut,Très Haut,1.4,1.4
56236,Moyen,Bas,1.2,1.1
56237,Moyen,Moyen,1.2,1.2
56238,Très Bas,Bas,1,1.1
56239,Moyen,Moyen,1.2,1.2
56240,Très Haut,Très Haut,1.4,1.4
56241,Moyen,Haut,1.2,1.3
56242,Bas,Moyen,1.1,1.2
56243,Très Haut,Très Haut,1.4,1.4
56244,Haut,Haut,1.3,1.3
56245,Très Bas,Bas,1,1.1
56246,Moyen,Haut,1.2,1.3
56247,Très Haut,Haut,1.4,1.3
56248,Très Haut,Très Haut,1.4,1.4
56249,Haut,Moyen,1.3,1.2
56250,Bas,Bas,1.1,1.1
56251,Très Haut,Très Haut,1.4,1.4
56252,Haut,Haut,1.3,1.3
56253,Bas,Très Bas,1.1,1
56254,Moyen,Moyen,1.2,1.2
56255,Haut,Moyen,1.3,1.2
56256,Très Bas,Très Bas,1,1
56257,Bas,Bas,1.1,1.1
56258,Haut,Haut,1.3,1.3
56259,Moyen,Bas,1.2,1.1
56260,Très Haut,Très Haut,1.4,1.4
56261,Haut,Moyen,1.3,1.2
56262,Haut,Haut,1.3,1.3
56263,Très Haut,Haut,1.4,1.3
56264,Très Bas,Bas,1,1.1
